"problem","model","data_file"
"tablelayout","../../models/table-layout/TableLayout.mzn","../../models/table-layout/en-1250-1303-line283.dzn"
"tablelayout","../../models/table-layout/TableLayout.mzn","../../models/table-layout/en-1250-1261-line126.dzn"
"tablelayout","../../models/table-layout/TableLayout.mzn","../../models/table-layout/en-1250-1479-line1633.dzn"
"tablelayout","../../models/table-layout/TableLayout.mzn","../../models/table-layout/en-1000-1479-line1099.dzn"
"tablelayout","../../models/table-layout/TableLayout.mzn","../../models/table-layout/en-1000-1274-line521.dzn"
"tablelayout","../../models/table-layout/TableLayout.mzn","../../models/table-layout/en-1000-1286-line764.dzn"
"tablelayout","../../models/table-layout/TableLayout.mzn","../../models/table-layout/en-1250-158-line1950.dzn"
"tablelayout","../../models/table-layout/TableLayout.mzn","../../models/table-layout/en-1250-1074-line298.dzn"
"tablelayout","../../models/table-layout/TableLayout.mzn","../../models/table-layout/en-1250-1407-line1350.dzn"
"tablelayout","../../models/table-layout/TableLayout.mzn","../../models/table-layout/en-1000-1303-line283.dzn"
"tablelayout","../../models/table-layout/TableLayout.mzn","../../models/table-layout/en-1250-1407-line1986.dzn"
"tablelayout","../../models/table-layout/TableLayout.mzn","../../models/table-layout/en-1250-1479-line1099.dzn"
"tablelayout","../../models/table-layout/TableLayout.mzn","../../models/table-layout/en-1000-1479-line419.dzn"
"tablelayout","../../models/table-layout/TableLayout.mzn","../../models/table-layout/en-1250-1305-line158.dzn"
"tablelayout","../../models/table-layout/TableLayout.mzn","../../models/table-layout/en-1250-1479-line419.dzn"
"tablelayout","../../models/table-layout/TableLayout.mzn","../../models/table-layout/en-1000-251-line273.dzn"
"tablelayout","../../models/table-layout/TableLayout.mzn","../../models/table-layout/en-1000-1615-line479.dzn"
"tablelayout","../../models/table-layout/TableLayout.mzn","../../models/table-layout/en-1000-1407-line1350.dzn"
"tablelayout","../../models/table-layout/TableLayout.mzn","../../models/table-layout/en-1000-1407-line1986.dzn"
"tablelayout","../../models/table-layout/TableLayout.mzn","../../models/table-layout/en-1000-1407-line976.dzn"
"tablelayout","../../models/table-layout/TableLayout.mzn","../../models/table-layout/en-1250-1283-line119.dzn"
"tablelayout","../../models/table-layout/TableLayout.mzn","../../models/table-layout/en-1250-1407-line976.dzn"
"tablelayout","../../models/table-layout/TableLayout.mzn","../../models/table-layout/en-1000-1303-line1078.dzn"
"tablelayout","../../models/table-layout/TableLayout.mzn","../../models/table-layout/en-1000-1439-line292.dzn"
"tablelayout","../../models/table-layout/TableLayout.mzn","../../models/table-layout/en-1000-274-line403.dzn"
"tablelayout","../../models/table-layout/TableLayout.mzn","../../models/table-layout/en-760-310-line795.dzn"
